timestamp,symbol,action,price,size_usdt,stop_loss,take_profit,confidence_pct,mode
2026-10-03 20:33:38,ETH/USDT,BUY (ENTER),2685.47,3166.67,2677.32,2698.2771,61.9,PAPER
2026-10-03 20:52:10,BTC/USDT,BUY (ENTER),84842.5,3245.83,84655.505,85136.3493,80.0,BULLISH,PAPER
2026-10-03 20:52:11,SOL/USDT,BUY (ENTER),119.78,3408.13,119.245,120.6207,73.8,BULLISH,PAPER
2026-10-03 21:06:54,BTC/USDT,FINAL CLOSE,84842.5,84588.17,3245.83,-17.84,-0.55,STOP LOSS HIT,LOSS
2026-10-03 21:06:55,BTC/USDT,BUY (ENTER),84749.75,3237.0,84554.991,84916.6863,85083.6226,65.2,BULLISH,PAPER
2026-10-03 21:14:48,BTC/USDT,BUY (ENTER),84749.75,11.43,84554.991,84916.6863,85083.6226,65.2,BULLISH,PAPER
2026-10-03 21:15:55,BTC/USDT,BUY (ENTER),84749.75,9.8,84554.991,84916.6863,85083.6226,65.2,BULLISH,PAPER
2026-10-04 09:45:30,BTC/USDT,BREAKEVEN LOCK (SMALL ACCOUNT),84749.75,85283.46,9.8,0.0,0.0,TP1 reached! Size ($4.90) < $5 minNotional. Stop Loss locked to BREAKEVEN for 100% position!,WIN
2026-10-04 09:49:59,BTC/USDT,FINAL CLOSE,84749.75,85280.67,9.8,0.04,0.38,TP2 FINAL TARGET REACHED,WIN
2026-10-04 09:50:02,BNB/USDT,BUY (ENTER),789.68,9.84,785.364,793.3794,797.0789,61.9,BULLISH,PAPER
2026-10-04 21:01:04,BTC/USDT,BUY (ENTER),85824.44,10.46,85523.071,86082.7563,86341.0726,59.5,80.8,Bollinger Squeeze Breakout + Institutional Volume Flow Accumulation,RSI(14): 80.3 | StochRSI: 58/58 | BB %B: 1.14 | CMF: +0.10 | SuperTrend: BULLISH,BULLISH,PAPER
2026-10-04 21:01:04,DOT/USDT,BUY (ENTER),1.211,9.55,1.191,1.2281,1.2453,57.8,53.5,Bollinger Squeeze Breakout,RSI(14): 62.9 | StochRSI: 85/85 | BB %B: 0.92 | CMF: -0.09 | SuperTrend: BULLISH,BULLISH,PAPER
